node;type;site;demand;Y;X;server
1;1;SOURCE1;0.044866563718006604;15;10;0
2;1;U;0.00996724004190305;20;20;0
3;1;V;0.0005067171226778636;10;20;0
4;1;PUIT1;0.03938223989032547;15;30;0